{"cameraMode":{"drawMode":0,"name":"Shaded","section":"Shading Mode"},"sceneLighting":false,"audioPlay":false,"sceneViewState":{"showFog":true,"showMaterialUpdate":false,"showSkybox":false,"showFlares":true,"showImageEffects":true,"showParticleSystems":true},"in2DMode":false,"pivot":{"x":0.22159793972969056,"y":-0.9581688642501831,"z":-0.015000015497207642},"rotation":{"x":0.1312583088874817,"y":0.45986029505729678,"z":-0.06894543766975403,"w":0.8755478262901306},"size":2.156723737716675,"orthographic":false}